accDecay,costAccessRatio,deltaU0,deltaU1,indivMigrations,jobDistance0,jobDistance1,migration0,migration1,moveAversion,wealth,wealthGain,wealthSigma
16.137688488458252,1841579.9521281912,null,null,null,null,null,null,null,5267002.388416365,null,null,0.11432053476463327
16.137688488458252,1841579.9521281912,null,null,null,null,null,null,null,5267002.388416365,null,null,0.11432053476463327
16.137688488458252,1841579.9521281912,null,null,null,null,null,null,null,5267002.388416365,null,null,0.11432053476463327
16.137688488458252,1841579.9521281912,null,null,null,null,null,null,null,5267002.388416365,null,null,0.11432053476463327
